Alpha (deg),Cl,Cd
0,0.019608,0.079228
2.06,0.3224,0.014499
4.01,0.55403,0.013695
6.34,0.82927,0.01812
8.03,0.99302,0.024864
10.15,1.157,0.037598
11.27,1.2069,0.046623
12.14,1.2255,0.05615
13.36,0.82455,0.19786
14.12,0.6996,0.16665
