Alpha (deg),Cl,Cd
0,-0.00048255,0.00089393
1.85,0.20142,0.0090858
4.25,0.46029,0.0098437
6.05,0.64983,0.010893
8.15,0.86184,0.012763
10.15,1.0496,0.015428
11.15,1.1358,0.017188
12.1,1.2119,0.019229
13.08,1.2813,0.021811
14.25,1.3501,0.025813
15.25,1.3918,0.030552
