Alpha (deg),Cl,Cd
0,-0.0017073,0.0015041
2.07,0.226,0.0086508
4.27,0.4614,0.0093533
6.03,0.64128,0.010346
8.21,0.84755,0.012223
10.19,1.0122,0.014776
11.15,1.0821,0.016385
12.25,1.1523,0.018655
13.27,1.2058,0.021263
14.29,1.2459,0.0246
15.18,1.2678,0.024568
16.28,1.2719,0.035068
17.25,1.2451,0.23152
