AoA (deg),Cl,Cd
0,-0.0058,0.00607
2.07,0.2138,0.00612
4.27,0.4457,0.00663
6.03,0.6304,0.00771
8.21,0.859,
10.19,1.0593,0.01318
11.15,1.1497,0.0141
12.25,1.2444,0.01549
13.27,1.3246,0.01784
14.29,1.3937,0.0214
15.18,1.442,0.02592
16.28,1.4604,0.03599
17.25,1.114,0.25283
,,
,,
