Alpha (deg),Cl,Cd
0,-0.0045,0.00662
2.06,0.217,0.00614
4.25,0.451,0.00662
6.09,0.649,0.00738
8.33,0.892,0.0119
10.13,1.0752,0.01263
12.28,1.2713,0.0153
14.32,1.4185,0.0217
15.2,1.4576,0.0271
16.16,1.1493,0.237
17.66,1.1435,0.256
