Alpha (deg),Cl,Cd
0,-0.0012684,0.0081783
2.06,0.22538,0.0083542
4.25,0.46068,0.0090345
6.09,0.64928,0.010054
8.33,0.86134,0.011966
10.13,1.0117,0.014236
12.28,1.16,0.018128
14.32,1.256,0.023795
15.2,1.2793,0.027312
16.16,1.2873,0.03258
17.66,1.1813,0.052198
