Alpha (deg),Cl,Cd
0,0.0021711,0.0082814
2.06,0.22978,0.0085043
4.01,0.44056,0.009245
6.34,0.67723,0.010921
8.03,0.83362,0.012859
10.15,1.0048,0.016519
11.27,1.0806,0.019185
12.14,1.1289,0.021796
13.36,1.175,0.026566
14.12,1.1884,0.030768
