Alpha (deg),Cl,Cd
0,-0.0075,0.00672
2.06,0.2243,0.00702
4.01,0.446,0.00678
6.34,0.7096,0.00777
8.03,0.8981,0.01036
10.15,1.126,0.01415
11.27,1.1828,0.02119
12.14,1.2044,0.03128
13.36,1.1093,0.14591
14.12,1.0554,0.18655
