Alpha (deg),Cl,Cd
0,-0.0015044,0.0079626
2.06,0.22574,0.0081354
4.01,0.43634,0.0087054
6.34,0.67571,0.0099721
8.03,0.83663,0.011382
10.15,1.0165,0.013123
11.27,1.0991,0.015709
12.14,1.1559,0.01738
13.36,1.2233,0.0203
14.12,1.2558,0.0225
